Año,Mes,precio_final,Tipo
2018,9,589533.9128292657,pred
2018,10,477199.7587612232,pred
2018,11,434130.7925102911,pred
